field_name,needed_by
address,Application-GF-Fields.pdf,AffordableHousing_Application sales-Fields.pdf,Application-PCV-Fields.pdf,Avalon Princeton - Preliminary Application Rev-Mar-2016-Fields.pdf
applicantSignature,Application-GF-Fields.pdf,AffordableHousing_Application sales-Fields.pdf,Application-PCV-Fields.pdf,Avalon Princeton - Preliminary Application Rev-Mar-2016-Fields.pdf
applicantSignatureDate,Application-GF-Fields.pdf,AffordableHousing_Application sales-Fields.pdf,Avalon Princeton - Preliminary Application Rev-Mar-2016-Fields.pdf
assetAccountType1,Application-GF-Fields.pdf,AffordableHousing_Application sales-Fields.pdf,Avalon Princeton - Preliminary Application Rev-Mar-2016-Fields.pdf
assetAccountType2,Application-GF-Fields.pdf,AffordableHousing_Application sales-Fields.pdf,Avalon Princeton - Preliminary Application Rev-Mar-2016-Fields.pdf
assetAccountType3,Application-GF-Fields.pdf,AffordableHousing_Application sales-Fields.pdf,Avalon Princeton - Preliminary Application Rev-Mar-2016-Fields.pdf
assetAccountType4,Application-GF-Fields.pdf,Avalon Princeton - Preliminary Application Rev-Mar-2016-Fields.pdf
assetAmount1,Application-GF-Fields.pdf,AffordableHousing_Application sales-Fields.pdf,Avalon Princeton - Preliminary Application Rev-Mar-2016-Fields.pdf
assetAmount2,Application-GF-Fields.pdf,AffordableHousing_Application sales-Fields.pdf,Avalon Princeton - Preliminary Application Rev-Mar-2016-Fields.pdf
assetAmount3,Application-GF-Fields.pdf,AffordableHousing_Application sales-Fields.pdf,Avalon Princeton - Preliminary Application Rev-Mar-2016-Fields.pdf
assetAmount4,Application-GF-Fields.pdf,Avalon Princeton - Preliminary Application Rev-Mar-2016-Fields.pdf
cell,Application-GF-Fields.pdf,AffordableHousing_Application sales-Fields.pdf,Application-PCV-Fields.pdf,Avalon Princeton - Preliminary Application Rev-Mar-2016-Fields.pdf
city,Application-GF-Fields.pdf,AffordableHousing_Application sales-Fields.pdf,Application-PCV-Fields.pdf,Avalon Princeton - Preliminary Application Rev-Mar-2016-Fields.pdf
coApplicantDate,AffordableHousing_Application sales-Fields.pdf
coApplicantSignature,Application-GF-Fields.pdf,AffordableHousing_Application sales-Fields.pdf
coApplicantSignature1,Application-PCV-Fields.pdf,Avalon Princeton - Preliminary Application Rev-Mar-2016-Fields.pdf
coApplicantSignature2,Application-PCV-Fields.pdf,Avalon Princeton - Preliminary Application Rev-Mar-2016-Fields.pdf
coApplicantSignatureDate,Application-GF-Fields.pdf
coApplicantSignatureDate1,Avalon Princeton - Preliminary Application Rev-Mar-2016-Fields.pdf
coApplicantSignatureDate2,Avalon Princeton - Preliminary Application Rev-Mar-2016-Fields.pdf
creditCardName1,AffordableHousing_Application sales-Fields.pdf
creditCardName2,AffordableHousing_Application sales-Fields.pdf
creditCardName3,AffordableHousing_Application sales-Fields.pdf
creditCardName4,AffordableHousing_Application sales-Fields.pdf
driversLicenseNumber1,Application-GF-Fields.pdf,AffordableHousing_Application sales-Fields.pdf,Application-PCV-Fields.pdf,Avalon Princeton - Preliminary Application Rev-Mar-2016-Fields.pdf
driversLicenseNumber2,Application-GF-Fields.pdf,AffordableHousing_Application sales-Fields.pdf,Application-PCV-Fields.pdf,Avalon Princeton - Preliminary Application Rev-Mar-2016-Fields.pdf
driversLicenseNumber3,Application-GF-Fields.pdf,AffordableHousing_Application sales-Fields.pdf,Application-PCV-Fields.pdf,Avalon Princeton - Preliminary Application Rev-Mar-2016-Fields.pdf
driversLicenseState1,Application-GF-Fields.pdf,AffordableHousing_Application sales-Fields.pdf,Application-PCV-Fields.pdf,Avalon Princeton - Preliminary Application Rev-Mar-2016-Fields.pdf
driversLicenseState2,Application-GF-Fields.pdf,AffordableHousing_Application sales-Fields.pdf,Application-PCV-Fields.pdf,Avalon Princeton - Preliminary Application Rev-Mar-2016-Fields.pdf
driversLicenseState3,Application-GF-Fields.pdf,AffordableHousing_Application sales-Fields.pdf,Application-PCV-Fields.pdf,Avalon Princeton - Preliminary Application Rev-Mar-2016-Fields.pdf
email,Application-GF-Fields.pdf
extraIncomeAmount1,Application-GF-Fields.pdf,AffordableHousing_Application sales-Fields.pdf,Avalon Princeton - Preliminary Application Rev-Mar-2016-Fields.pdf
extraIncomeAmount2,Application-GF-Fields.pdf,AffordableHousing_Application sales-Fields.pdf,Avalon Princeton - Preliminary Application Rev-Mar-2016-Fields.pdf
extraIncomeAmount3,Application-GF-Fields.pdf,AffordableHousing_Application sales-Fields.pdf,Avalon Princeton - Preliminary Application Rev-Mar-2016-Fields.pdf
extraIncomeAmount4,Application-GF-Fields.pdf,Avalon Princeton - Preliminary Application Rev-Mar-2016-Fields.pdf
extraIncomeFrequency1,Application-GF-Fields.pdf,AffordableHousing_Application sales-Fields.pdf,Avalon Princeton - Preliminary Application Rev-Mar-2016-Fields.pdf
extraIncomeFrequency2,Application-GF-Fields.pdf,AffordableHousing_Application sales-Fields.pdf,Avalon Princeton - Preliminary Application Rev-Mar-2016-Fields.pdf
extraIncomeFrequency3,Application-GF-Fields.pdf,AffordableHousing_Application sales-Fields.pdf,Avalon Princeton - Preliminary Application Rev-Mar-2016-Fields.pdf
extraIncomeFrequency4,Application-GF-Fields.pdf,Avalon Princeton - Preliminary Application Rev-Mar-2016-Fields.pdf
extraIncomeSource1,Application-GF-Fields.pdf,AffordableHousing_Application sales-Fields.pdf,Avalon Princeton - Preliminary Application Rev-Mar-2016-Fields.pdf
extraIncomeSource2,Application-GF-Fields.pdf,AffordableHousing_Application sales-Fields.pdf,Avalon Princeton - Preliminary Application Rev-Mar-2016-Fields.pdf
extraIncomeSource3,Application-GF-Fields.pdf,AffordableHousing_Application sales-Fields.pdf,Avalon Princeton - Preliminary Application Rev-Mar-2016-Fields.pdf
extraIncomeSource4,Application-GF-Fields.pdf,Avalon Princeton - Preliminary Application Rev-Mar-2016-Fields.pdf
hasAsianPacificEthnicity,Application-GF-Fields.pdf,Application-PCV-Fields.pdf,Avalon Princeton - Preliminary Application Rev-Mar-2016-Fields.pdf
hasBlackEthnicity,Application-GF-Fields.pdf,Application-PCV-Fields.pdf,Avalon Princeton - Preliminary Application Rev-Mar-2016-Fields.pdf
hasBothPreference,Application-GF-Fields.pdf
hasBuyPreference,Application-GF-Fields.pdf
hasHispanicEthnicity,Application-GF-Fields.pdf
hasIndianAsianEthnicity,Application-GF-Fields.pdf,Application-PCV-Fields.pdf,Avalon Princeton - Preliminary Application Rev-Mar-2016-Fields.pdf
hasIslanderEthnicity,Application-GF-Fields.pdf,Application-PCV-Fields.pdf,Avalon Princeton - Preliminary Application Rev-Mar-2016-Fields.pdf
hasNonHispanicEthnicity,Application-GF-Fields.pdf
hasntSexOffense,Application-GF-Fields.pdf
hasntSpecialNeeds,Application-GF-Fields.pdf
hasOtherEthnicity,Application-GF-Fields.pdf
hasRentPreference,Application-GF-Fields.pdf
hasSexOffense,Application-GF-Fields.pdf
hasSpecialNeeds,Application-GF-Fields.pdf
hasWhiteEthnicity,Application-GF-Fields.pdf,Application-PCV-Fields.pdf,Avalon Princeton - Preliminary Application Rev-Mar-2016-Fields.pdf
home,Application-GF-Fields.pdf
isHispanic,Application-PCV-Fields.pdf,Avalon Princeton - Preliminary Application Rev-Mar-2016-Fields.pdf
isNonHispanic,Application-PCV-Fields.pdf,Avalon Princeton - Preliminary Application Rev-Mar-2016-Fields.pdf
lastPaymentDate1,AffordableHousing_Application sales-Fields.pdf
lastPaymentDate2,AffordableHousing_Application sales-Fields.pdf
lastPaymentDate3,AffordableHousing_Application sales-Fields.pdf
lastPaymentDate4,AffordableHousing_Application sales-Fields.pdf
lenderName1,AffordableHousing_Application sales-Fields.pdf
lenderName2,AffordableHousing_Application sales-Fields.pdf
lenderName3,AffordableHousing_Application sales-Fields.pdf
lenderName4,AffordableHousing_Application sales-Fields.pdf
loanBalance1,AffordableHousing_Application sales-Fields.pdf
loanBalance2,AffordableHousing_Application sales-Fields.pdf
loanBalance3,AffordableHousing_Application sales-Fields.pdf
loanBalance4,AffordableHousing_Application sales-Fields.pdf
loanType1,AffordableHousing_Application sales-Fields.pdf
loanType2,AffordableHousing_Application sales-Fields.pdf
loanType3,AffordableHousing_Application sales-Fields.pdf
member1,Application-GF-Fields.pdf,AffordableHousing_Application sales-Fields.pdf,Application-PCV-Fields.pdf,Avalon Princeton - Preliminary Application Rev-Mar-2016-Fields.pdf
member2,Application-GF-Fields.pdf,AffordableHousing_Application sales-Fields.pdf,Application-PCV-Fields.pdf,Avalon Princeton - Preliminary Application Rev-Mar-2016-Fields.pdf
member3,Application-GF-Fields.pdf,AffordableHousing_Application sales-Fields.pdf,Application-PCV-Fields.pdf,Avalon Princeton - Preliminary Application Rev-Mar-2016-Fields.pdf
member4,Application-GF-Fields.pdf,AffordableHousing_Application sales-Fields.pdf,Application-PCV-Fields.pdf,Avalon Princeton - Preliminary Application Rev-Mar-2016-Fields.pdf
member5,Application-GF-Fields.pdf,AffordableHousing_Application sales-Fields.pdf,Application-PCV-Fields.pdf,Avalon Princeton - Preliminary Application Rev-Mar-2016-Fields.pdf
member6,Application-GF-Fields.pdf,Application-PCV-Fields.pdf,Avalon Princeton - Preliminary Application Rev-Mar-2016-Fields.pdf
memberDOB1,AffordableHousing_Application sales-Fields.pdf,Application-PCV-Fields.pdf,Avalon Princeton - Preliminary Application Rev-Mar-2016-Fields.pdf
memberDOB2,AffordableHousing_Application sales-Fields.pdf,Application-PCV-Fields.pdf,Avalon Princeton - Preliminary Application Rev-Mar-2016-Fields.pdf
memberDOB3,AffordableHousing_Application sales-Fields.pdf,Application-PCV-Fields.pdf,Avalon Princeton - Preliminary Application Rev-Mar-2016-Fields.pdf
memberDOB4,AffordableHousing_Application sales-Fields.pdf,Application-PCV-Fields.pdf,Avalon Princeton - Preliminary Application Rev-Mar-2016-Fields.pdf
memberDOB5,AffordableHousing_Application sales-Fields.pdf,Application-PCV-Fields.pdf,Avalon Princeton - Preliminary Application Rev-Mar-2016-Fields.pdf
memberDOB6,Application-PCV-Fields.pdf,Avalon Princeton - Preliminary Application Rev-Mar-2016-Fields.pdf
memberEmployer1,AffordableHousing_Application sales-Fields.pdf,Application-PCV-Fields.pdf,Avalon Princeton - Preliminary Application Rev-Mar-2016-Fields.pdf
memberEmployer2,AffordableHousing_Application sales-Fields.pdf,Application-PCV-Fields.pdf,Avalon Princeton - Preliminary Application Rev-Mar-2016-Fields.pdf
memberEmployer3,AffordableHousing_Application sales-Fields.pdf,Application-PCV-Fields.pdf,Avalon Princeton - Preliminary Application Rev-Mar-2016-Fields.pdf
memberEmployer4,AffordableHousing_Application sales-Fields.pdf,Application-PCV-Fields.pdf,Avalon Princeton - Preliminary Application Rev-Mar-2016-Fields.pdf
memberEmployer5,AffordableHousing_Application sales-Fields.pdf,Application-PCV-Fields.pdf,Avalon Princeton - Preliminary Application Rev-Mar-2016-Fields.pdf
memberEmploymentDuration1,AffordableHousing_Application sales-Fields.pdf,Application-PCV-Fields.pdf,Avalon Princeton - Preliminary Application Rev-Mar-2016-Fields.pdf
memberEmploymentDuration2,AffordableHousing_Application sales-Fields.pdf,Application-PCV-Fields.pdf,Avalon Princeton - Preliminary Application Rev-Mar-2016-Fields.pdf
memberEmploymentDuration3,AffordableHousing_Application sales-Fields.pdf,Application-PCV-Fields.pdf,Avalon Princeton - Preliminary Application Rev-Mar-2016-Fields.pdf
memberEmploymentDuration4,AffordableHousing_Application sales-Fields.pdf,Application-PCV-Fields.pdf,Avalon Princeton - Preliminary Application Rev-Mar-2016-Fields.pdf
memberEmploymentDuration5,AffordableHousing_Application sales-Fields.pdf,Application-PCV-Fields.pdf,Avalon Princeton - Preliminary Application Rev-Mar-2016-Fields.pdf
memberGrossAnnualIncome1,Application-GF-Fields.pdf,AffordableHousing_Application sales-Fields.pdf,Application-PCV-Fields.pdf,Avalon Princeton - Preliminary Application Rev-Mar-2016-Fields.pdf
